name,pep_seq,nt_seq,revcomp
B_BM2_1.1,VLSDNMEVL,GTTCTGTCTGACAACATGGAAGTTCTG,CGAGGTGCTTCGTTACAGAACTTCCATGTTGTCAGACAGAACCTTGTCGTCATCGTC
B_BM2_27.1,HFMAWTIGHL,CACTTCATGGCTTGGACCATCGGTCACCTG,CGAGGTGCTTCGTTACAGGTGACCGATGGTCCAAGCCATGAAGTGCTTGTCGTCATCGTC
B_BM2_28.1,FMAWTIGHL,TTCATGGCTTGGACCATCGGTCACCTG,CGAGGTGCTTCGTTACAGGTGACCGATGGTCCAAGCCATGAACTTGTCGTCATCGTC
B_BM2_31.1,ALHFMAWTI,GCTCTGCACTTCATGGCTTGGACCATC,CGAGGTGCTTCGTTAGATGGTCCAAGCCATGAAGTGCAGAGCCTTGTCGTCATCGTC
B_BM2_32.1,FILSALHFMA,TTCATCCTGTCTGCTCTGCACTTCATGGCT,CGAGGTGCTTCGTTAAGCCATGAAGTGCAGAGCAGACAGGATGAACTTGTCGTCATCGTC
B_BM2_32.2,FILSALHFM,TTCATCCTGTCTGCTCTGCACTTCATG,CGAGGTGCTTCGTTACATGAAGTGCAGAGCAGACAGGATGAACTTGTCGTCATCGTC
B_BM2_33.1,ILSALHFMA,ATCCTGTCTGCTCTGCACTTCATGGCT,CGAGGTGCTTCGTTAAGCCATGAAGTGCAGAGCAGACAGGATCTTGTCGTCATCGTC
B_BM2_35.1,SFILSALHFM,TCTTTCATCCTGTCTGCTCTGCACTTCATG,CGAGGTGCTTCGTTACATGAAGTGCAGAGCAGACAGGATGAAAGACTTGTCGTCATCGTC
B_BM2_6.1,IKMGETVLEI,ATCAAAATGGGTGAAACCGTTCTGGAAATC,CGAGGTGCTTCGTTAGATTTCCAGAACGGTTTCACCCATTTTGATCTTGTCGTCATCGTC
B_BM2_6.2,KMGETVLEI,AAAATGGGTGAAACCGTTCTGGAAATC,CGAGGTGCTTCGTTAGATTTCCAGAACGGTTTCACCCATTTTCTTGTCGTCATCGTC
B_HA_169.1,YTSHGAHGV,TACACCTCTCACGGTGCTCACGGTGTT,CGAGGTGCTTCGTTAAACACCGTGAGCACCGTGAGAGGTGTACTTGTCGTCATCGTC
B_HA_176.1,NLNSLSELEV,AACCTGAACTCTCTGTCTGAACTGGAAGTT,CGAGGTGCTTCGTTAAACTTCCAGTTCAGACAGAGAGTTCAGGTTCTTGTCGTCATCGTC
B_HA_187.1,ILLYYSTAA,ATCCTGCTGTACTACTCTACCGCTGCT,CGAGGTGCTTCGTTAAGCAGCGGTAGAGTAGTACAGCAGGATCTTGTCGTCATCGTC
B_HA_237.1,KVIKGSLPL,AAAGTTATCAAAGGTTCTCTGCCGCTG,CGAGGTGCTTCGTTACAGCGGCAGAGAACCTTTGATAACTTTCTTGTCGTCATCGTC
B_HA_258.1,SQIELAVLL,TCTCAGATCGAACTGGCTGTTCTGCTG,CGAGGTGCTTCGTTACAGCAGAACAGCCAGTTCGATCTGAGACTTGTCGTCATCGTC
B_HA_39.1,DGLDNHTILL,GACGGTCTGGACAACCACACCATCCTGCTG,CGAGGTGCTTCGTTACAGCAGGATGGTGTGGTTGTCCAGACCGTCCTTGTCGTCATCGTC
B_HA_60.1,GLDNHTILL,GGTCTGGACAACCACACCATCCTGCTG,CGAGGTGCTTCGTTACAGCAGGATGGTGTGGTTGTCCAGACCCTTGTCGTCATCGTC
B_HA_61.1,AIIVLLMVV,GCTATCATCGTTCTGCTGATGGTTGTT,CGAGGTGCTTCGTTAAACAACCATCAGCAGAACGATGATAGCCTTGTCGTCATCGTC
B_HA_78.1,AIGNCPIWV,GCTATCGGTAACTGCCCGATCTGGGTT,CGAGGTGCTTCGTTAAACCCAGATCGGGCAGTTACCGATAGCCTTGTCGTCATCGTC
B_HA_81.1,LLMVVTSNA,CTGCTGATGGTTGTTACCTCTAACGCT,CGAGGTGCTTCGTTAAGCGTTAGAGGTAACAACCATCAGCAGCTTGTCGTCATCGTC
B_HA_85.1,AMDELHNEI,GCTATGGACGAACTGCACAACGAAATC,CGAGGTGCTTCGTTAGATTTCGTTGTGCAGTTCGTCCATAGCCTTGTCGTCATCGTC
B_HA_93.1,RLSGAMDEL,CGTCTGTCTGGTGCTATGGACGAACTG,CGAGGTGCTTCGTTACAGTTCGTCCATAGCACCAGACAGACGCTTGTCGTCATCGTC
B_M1_119.1,GIAKDVMEV,GGTATCGCTAAAGACGTTATGGAAGTT,CGAGGTGCTTCGTTAAACTTCCATAACGTCTTTAGCGATACCCTTGTCGTCATCGTC
B_M1_37.1,SALLYCLMVM,TCTGCTCTGCTGTACTGCCTGATGGTTATG,CGAGGTGCTTCGTTACATAACCATCAGGCAGTACAGCAGAGCAGACTTGTCGTCATCGTC
B_M1_38.1,ALLYCLMV,GCTCTGCTGTACTGCCTGATGGTT,CGAGGTGCTTCGTTAAACCATCAGGCAGTACAGCAGAGCCTTGTCGTCATCGTC
B_M1_38.2,ALLYCLMVM,GCTCTGCTGTACTGCCTGATGGTTATG,CGAGGTGCTTCGTTACATAACCATCAGGCAGTACAGCAGAGCCTTGTCGTCATCGTC
B_M1_39.1,LLYCLMVMYL,CTGCTGTACTGCCTGATGGTTATGTACCTG,CGAGGTGCTTCGTTACAGGTACATAACCATCAGGCAGTACAGCAGCTTGTCGTCATCGTC
B_M1_52.1,FDLDSALEWI,TTCGACCTGGACTCTGCTCTGGAATGGATC,CGAGGTGCTTCGTTAGATCCATTCCAGAGCAGAGTCCAGGTCGAACTTGTCGTCATCGTC
B_M1_62.1,MYLNPGNYSM,ATGTACCTGAACCCGGGTAACTACTCTATG,CGAGGTGCTTCGTTACATAGAGTAGTTACCCGGGTTCAGGTACATCTTGTCGTCATCGTC
B_M1_63.1,YLNPGNYSM,TACCTGAACCCGGGTAACTACTCTATG,CGAGGTGCTTCGTTACATAGAGTAGTTACCCGGGTTCAGGTACTTGTCGTCATCGTC
B_M1_84.1,SLFGDTIAYL,TCTCTGTTCGGTGACACCATCGCTTACCTG,CGAGGTGCTTCGTTACAGGTAAGCGATGGTGTCACCGAACAGAGACTTGTCGTCATCGTC
B_M1_87.1,ALIGASICFL,GCTCTGATCGGTGCTTCTATCTGCTTCCTG,CGAGGTGCTTCGTTACAGGAAGCAGATAGAAGCACCGATCAGAGCCTTGTCGTCATCGTC
B_M1_88.1,LIGASICFL,CTGATCGGTGCTTCTATCTGCTTCCTG,CGAGGTGCTTCGTTACAGGAAGCAGATAGAAGCACCGATCAGCTTGTCGTCATCGTC
B_NA_120.1,YCLMGSGQLL,TACTGCCTGATGGGTTCTGGTCAGCTGCTG,CGAGGTGCTTCGTTACAGCAGCTGACCAGAACCCATCAGGCAGTACTTGTCGTCATCGTC
B_NA_122.1,SYLLYSDILL,TCTTACCTGCTGTACTCTGACATCCTGCTG,CGAGGTGCTTCGTTACAGCAGGATGTCAGAGTACAGCAGGTAAGACTTGTCGTCATCGTC
B_NA_144.1,CLMGSGQLL,TGCCTGATGGGTTCTGGTCAGCTGCTG,CGAGGTGCTTCGTTACAGCAGCTGACCAGAACCCATCAGGCACTTGTCGTCATCGTC
B_NA_150.1,KLGKIPTV,AAACTGGGTAAAATCCCGACCGTT,CGAGGTGCTTCGTTAAACGGTCGGGATTTTACCCAGTTTCTTGTCGTCATCGTC
B_NA_167.1,TLFLTSGGV,ACCCTGTTCCTGACCTCTGGTGGTGTT,CGAGGTGCTTCGTTAAACACCACCAGAGGTCAGGAACAGGGTCTTGTCGTCATCGTC
B_NA_176.1,LFLTSGGVLL,CTGTTCCTGACCTCTGGTGGTGTTCTGCTG,CGAGGTGCTTCGTTACAGCAGAACACCACCAGAGGTCAGGAACAGCTTGTCGTCATCGTC
B_NA_177.1,FLTSGGVLL,TTCCTGACCTCTGGTGGTGTTCTGCTG,CGAGGTGCTTCGTTACAGCAGAACACCACCAGAGGTCAGGAACTTGTCGTCATCGTC
B_NA_208.1,KLRHLISV,AAACTGCGTCACCTGATCTCTGTT,CGAGGTGCTTCGTTAAACAGAGATCAGGTGACGCAGTTTCTTGTCGTCATCGTC
B_NA_212.1,FHMAAWSGSA,TTCCACATGGCTGCTTGGTCTGGTTCTGCT,CGAGGTGCTTCGTTAAGCAGAACCAGACCAAGCAGCCATGTGGAACTTGTCGTCATCGTC
B_NA_4.1,LLWDTVTGV,CTGCTGTGGGACACCGTTACCGGTGTT,CGAGGTGCTTCGTTAAACACCGGTAACGGTGTCCCACAGCAGCTTGTCGTCATCGTC
B_NA_4.2,LLWDTVTGVD,CTGCTGTGGGACACCGTTACCGGTGTTGAC,CGAGGTGCTTCGTTAGTCAACACCGGTAACGGTGTCCCACAGCAGCTTGTCGTCATCGTC
B_NA_4.3,LWDTVTGV,CTGTGGGACACCGTTACCGGTGTT,CGAGGTGCTTCGTTAAACACCGGTAACGGTGTCCCACAGCTTGTCGTCATCGTC
B_NA_4.4,QLLWDTVTGV,CAGCTGCTGTGGGACACCGTTACCGGTGTT,CGAGGTGCTTCGTTAAACACCGGTAACGGTGTCCCACAGCAGCTGCTTGTCGTCATCGTC
B_NA_65.1,RIIKEIFPT,CGTATCATCAAAGAAATCTTCCCGACC,CGAGGTGCTTCGTTAGGTCGGGAAGATTTCTTTGATGATACGCTTGTCGTCATCGTC
B_NA_72.1,SLSYLLYSDI,TCTCTGTCTTACCTGCTGTACTCTGACATC,CGAGGTGCTTCGTTAGATGTCAGAGTACAGCAGGTAAGACAGAGACTTGTCGTCATCGTC
B_NA_76.1,YLLYSDILL,TACCTGCTGTACTCTGACATCCTGCTG,CGAGGTGCTTCGTTACAGCAGGATGTCAGAGTACAGCAGGTACTTGTCGTCATCGTC
B_NA_76.2,YLLYSDILLK,TACCTGCTGTACTCTGACATCCTGCTGAAA,CGAGGTGCTTCGTTATTTCAGCAGGATGTCAGAGTACAGCAGGTACTTGTCGTCATCGTC
B_NA_80.1,YVSASLSYL,TACGTTTCTGCTTCTCTGTCTTACCTG,CGAGGTGCTTCGTTACAGGTAAGACAGAGAAGCAGAAACGTACTTGTCGTCATCGTC
B_NA_80.2,YVSASLSYLL,TACGTTTCTGCTTCTCTGTCTTACCTGCTG,CGAGGTGCTTCGTTACAGCAGGTAAGACAGAGAAGCAGAAACGTACTTGTCGTCATCGTC
B_NA_94.1,GVLLSLYVSA,GGTGTTCTGCTGTCTCTGTACGTTTCTGCT,CGAGGTGCTTCGTTAAGCAGAAACGTACAGAGACAGCAGAACACCCTTGTCGTCATCGTC
B_NA_95.1,VLLSLYVSA,GTTCTGCTGTCTCTGTACGTTTCTGCT,CGAGGTGCTTCGTTAAGCAGAAACGTACAGAGACAGCAGAACCTTGTCGTCATCGTC
B_NA_96.1,LLSLYVSASL,CTGCTGTCTCTGTACGTTTCTGCTTCTCTG,CGAGGTGCTTCGTTACAGAGAAGCAGAAACGTACAGAGACAGCAGCTTGTCGTCATCGTC
B_NA_99.1,LYVSASLSYL,CTGTACGTTTCTGCTTCTCTGTCTTACCTG,CGAGGTGCTTCGTTACAGGTAAGACAGAGAAGCAGAAACGTACAGCTTGTCGTCATCGTC
B_NP_11.1,SMVVVRPSV,TCTATGGTTGTTGTTCGTCCGTCTGTT,CGAGGTGCTTCGTTAAACAGACGGACGAACAACAACCATAGACTTGTCGTCATCGTC
B_NP_119.1,KLGEFYNQM,AAACTGGGTGAATTCTACAACCAGATG,CGAGGTGCTTCGTTACATCTGGTTGTAGAATTCACCCAGTTTCTTGTCGTCATCGTC
B_NP_127.1,GLDPSLIST,GGTCTGGACCCGTCTCTGATCTCTACC,CGAGGTGCTTCGTTAGGTAGAGATCAGAGACGGGTCCAGACCCTTGTCGTCATCGTC
B_NP_213.1,AMALYNMAT,GCTATGGCTCTGTACAACATGGCTACC,CGAGGTGCTTCGTTAGGTAGCCATGTTGTACAGAGCCATAGCCTTGTCGTCATCGTC
B_NP_214.1,MALYNMATPV,ATGGCTCTGTACAACATGGCTACCCCGGTT,CGAGGTGCTTCGTTAAACCGGGGTAGCCATGTTGTACAGAGCCATCTTGTCGTCATCGTC
B_NP_215.1,ALYNMATPV,GCTCTGTACAACATGGCTACCCCGGTT,CGAGGTGCTTCGTTAAACCGGGGTAGCCATGTTGTACAGAGCCTTGTCGTCATCGTC
B_NP_215.2,ALYNMATPVS,GCTCTGTACAACATGGCTACCCCGGTTTCT,CGAGGTGCTTCGTTAAGAAACCGGGGTAGCCATGTTGTACAGAGCCTTGTCGTCATCGTC
B_NP_216.1,LYNMATPV,CTGTACAACATGGCTACCCCGGTT,CGAGGTGCTTCGTTAAACCGGGGTAGCCATGTTGTACAGCTTGTCGTCATCGTC
B_NP_220.1,QLFFMSCFGA,CAGCTGTTCTTCATGTCTTGCTTCGGTGCT,CGAGGTGCTTCGTTAAGCACCGAAGCAAGACATGAAGAACAGCTGCTTGTCGTCATCGTC
B_NP_226.1,LMSIKLQFWA,CTGATGTCTATCAAACTGCAGTTCTGGGCT,CGAGGTGCTTCGTTAAGCCCAGAACTGCAGTTTGATAGACATCAGCTTGTCGTCATCGTC
B_NP_262.1,YSMVGYEAMA,TACTCTATGGTTGGTTACGAAGCTATGGCT,CGAGGTGCTTCGTTAAGCCATAGCTTCGTAACCAACCATAGAGTACTTGTCGTCATCGTC
B_NP_263.1,SMVGYEAMA,TCTATGGTTGGTTACGAAGCTATGGCT,CGAGGTGCTTCGTTAAGCCATAGCTTCGTAACCAACCATAGACTTGTCGTCATCGTC
CMV_IE1.1,VLEETSVML,GTTCTGGAAGAAACCTCTGTTATGCTG,CGAGGTGCTTCGTTACAGCATAACAGAGGTTTCTTCCAGAACCTTGTCGTCATCGTC
CMV_pp65.1,MLNIPSINV,ATGCTGAACATCCCGTCTATCAACGTT,CGAGGTGCTTCGTTAAACGTTGATAGACGGGATGTTCAGCATCTTGTCGTCATCGTC
CMV_pp65.2,TPRVTGGGAM,ACCCCGCGTGTTACCGGTGGTGGTGCTATG,CGAGGTGCTTCGTTACATAGCACCACCACCGGTAACACGCGGGGTCTTGTCGTCATCGTC
CMV_IE1.2,ILDEERDKV,ATCCTGGACGAAGAACGTGACAAAGTT,CGAGGTGCTTCGTTAAACTTTGTCACGTTCTTCGTCCAGGATCTTGTCGTCATCGTC
CMV_pp65.3,QMWQARLTV,CAGATGTGGCAGGCTCGTCTGACCGTT,CGAGGTGCTTCGTTAAACGGTCAGACGAGCCTGCCACATCTGCTTGTCGTCATCGTC
CMV_ENVB.2,IAGNSAYEYV,ATCGCTGGTAACTCTGCTTACGAATACGTT,CGAGGTGCTTCGTTAAACGTATTCGTAAGCAGAGTTACCAGCGATCTTGTCGTCATCGTC
CMV_pp65.3,RIFAELEGV,CGTATCTTCGCTGAACTGGAAGGTGTT,CGAGGTGCTTCGTTAAACACCTTCCAGTTCAGCGAAGATACGCTTGTCGTCATCGTC
CMV_IE1.3,TMYGGISLL,ACCATGTACGGTGGTATCTCTCTGCTG,CGAGGTGCTTCGTTACAGCAGAGAGATACCACCGTACATGGTCTTGTCGTCATCGTC
CMV_IE1.4,VLAELVKQI,GTTCTGGCTGAACTGGTTAAACAGATC,CGAGGTGCTTCGTTAGATCTGTTTAACCAGTTCAGCCAGAACCTTGTCGTCATCGTC
EBV_LMP1.1,YLLEMLWRL,TACCTGCTGGAAATGCTGTGGCGTCTG,CGAGGTGCTTCGTTACAGACGCCACAGCATTTCCAGCAGGTACTTGTCGTCATCGTC
EBV_NA-6,LLDFVRFMGV,CTGCTGGACTTCGTTCGTTTCATGGGTGTT,CGAGGTGCTTCGTTAAACACCCATGAAACGAACGAAGTCCAGCAGCTTGTCGTCATCGTC
EBV_LMP2.3,LLWTLVVLL,CTGCTGTGGACCCTGGTTGTTCTGCTG,CGAGGTGCTTCGTTACAGCAGAACAACCAGGGTCCACAGCAGCTTGTCGTCATCGTC
EBV_BMRF1,TLDYKPLSV,ACCCTGGACTACAAACCGCTGTCTGTT,CGAGGTGCTTCGTTAAACAGACAGCGGTTTGTAGTCCAGGGTCTTGTCGTCATCGTC
EBV_NA-3,SVRDRLARL,TCTGTTCGTGACCGTCTGGCTCGTCTG,CGAGGTGCTTCGTTACAGACGAGCCAGACGGTCACGAACAGACTTGTCGTCATCGTC
P10,KLGEFYNQMM,AAACTGGGTGAATTCTACAACCAGATGATG,CGAGGTGCTTCGTTACATCATCTGGTTGTAGAATTCACCCAGTTTCTTGTCGTCATCGTC
H1_M1_115.1,GILGFVFTL,GGTATCCTGGGTTTCGTTTTCACCCTG,CGAGGTGCTTCGTTACAGGGTGAAAACGAAACCCAGGATACCCTTGTCGTCATCGTC
